{"cameraMode":{"drawMode":0,"name":"Shaded","section":"Shading Mode"},"sceneLighting":true,"audioPlay":false,"sceneViewState":{"m_AlwaysRefresh":false,"showFog":true,"showSkybox":true,"showFlares":true,"showImageEffects":true,"showParticleSystems":true,"showVisualEffectGraphs":true,"m_FxEnabled":true},"in2DMode":false,"pivot":{"x":-4.191993713378906,"y":2.6924264430999758,"z":-16.083980560302736},"rotation":{"x":0.029816007241606714,"y":0.3478819727897644,"z":-0.011068585328757763,"w":0.9370070695877075},"size":4.697515487670898,"orthographic":true}